Bulk Edit Items,,,,,,,,,,
Barcode,Item Code,Item Name,Item Group,Warehouse,Quantity,Stock UOM,Valuation Rate,Amount,Quantity Difference,Amount Difference
barcode,item_code,item_name,item_group,warehouse,qty,stock_uom,valuation_rate,amount,quantity_difference,amount_difference
 , , , , , , , , , , 
The CSV format is case sensitive,,,,,,,,,,
Do not edit headers which are preset in the template,,,,,,,,,,
------,,,,,,,,,,
,Z002,BB 8 KZATI POLOS SNI,BB,GD. UTAMA - C,100,BTG,35052,3505200,1170.000 - Akun sementara - BAC,1170.000 - Akun sementara - BAC
,Z001,BB 13 ULIR KZATI TS280,BB,GD. UTAMA - C,0,BTG,93750,0,1170.000 - Akun sementara - BAC,1170.000 - Akun sementara - BAC
,WM03,WIREMESH M6,WR,GD. UTAMA - C,79,LBR,257000,20303000,1170.000 - Akun sementara - BAC,1170.000 - Akun sementara - BAC
,WM02,WIREMESH M10,WR,GD. UTAMA - C,0,LBR,860261,0,1170.000 - Akun sementara - BAC,1170.000 - Akun sementara - BAC
,WM01,WIREMESH M8,WR,GD. UTAMA - C,121,LBR,505000,61105000,1170.000 - Akun sementara - BAC,1170.000 - Akun sementara - BAC
,WM002,WIREMESH M10,WR,GD. UTAMA - C,99,LBR,840000,83160000,1170.000 - Akun sementara - BAC,1170.000 - Akun sementara - BAC
,SKP29,SKRUP 6 x 20,SKRUP,GD. UTAMA - C,0,PAK,16275,0,1170.000 - Akun sementara - BAC,1170.000 - Akun sementara - BAC
,SG01,SENG GELOMBANG 80x180,SENG,GD. UTAMA - C,455,LBR,35000,15925000,1170.000 - Akun sementara - BAC,1170.000 - Akun sementara - BAC
,RM990,BB 12 TJ SNI TP280,BB,GD. UTAMA - C,0,BTG,77575,0,1170.000 - Akun sementara - BAC,1170.000 - Akun sementara - BAC
,RM99,BB 10 IBD ULIR SNI TS280,BBF,GD. UTAMA - C,0,BTG,58830,0,1170.000 - Akun sementara - BAC,1170.000 - Akun sementara - BAC
,RM924,BB 6 SHS SNI TP280,BBF,GD. UTAMA - C,0,BTG,25000,0,1170.000 - Akun sementara - BAC,1170.000 - Akun sementara - BAC
,RM923,BB 8 IBD SNI TP280,BBF,GD. UTAMA - C,0,BTG,42186,0,1170.000 - Akun sementara - BAC,1170.000 - Akun sementara - BAC
,RM922,BB 16 KZATI ULIR SNI TS280,BB,GD. UTAMA - C,0,BTG,140600,0,1170.000 - Akun sementara - BAC,1170.000 - Akun sementara - BAC
,RM921,BB 13 IBD ULIR SNI TS280,BB,GD. UTAMA - C,0,BTG,111250,0,1170.000 - Akun sementara - BAC,1170.000 - Akun sementara - BAC
,RM920,BB 10 OKE SNI TP280,BB,GD. UTAMA - C,0,BTG,54020,0,1170.000 - Akun sementara - BAC,1170.000 - Akun sementara - BAC
,RM919,BB 12 KZTV POLOS TP280,BB,GD. UTAMA - C,0,BTG,74900,0,1170.000 - Akun sementara - BAC,1170.000 - Akun sementara - BAC
,RM918,BB 12 KZATI POLOS TP280,BB,GD. UTAMA - C,0,BTG,78110,0,1170.000 - Akun sementara - BAC,1170.000 - Akun sementara - BAC
,RM916,BB 10 TJ SNI TP280,BB,GD. UTAMA - C,0,BTG,54020,0,1170.000 - Akun sementara - BAC,1170.000 - Akun sementara - BAC
,RM915,BB 10 SGS SNI TP280,BB,GD. UTAMA - C,0,BTG,44900,0,1170.000 - Akun sementara - BAC,1170.000 - Akun sementara - BAC
,RM914,BB 8 SGS SNI TP280,BB,GD. UTAMA - C,0,BTG,26800,0,1170.000 - Akun sementara - BAC,1170.000 - Akun sementara - BAC
,RM913,BB 10 PSNI ULIR SNI TS280,BB,GD. UTAMA - C,0,BTG,55500,0,1170.000 - Akun sementara - BAC,1170.000 - Akun sementara - BAC
,RM912,BB 12 IBD SNI TP280,BBF,GD. UTAMA - C,0,BTG,85065,0,1170.000 - Akun sementara - BAC,1170.000 - Akun sementara - BAC
,RM909,BB 8 ZJTY SNI TP280,BB,GD. UTAMA - C,0,BTG,34602,0,1170.000 - Akun sementara - BAC,1170.000 - Akun sementara - BAC
,RM908,BB 6 ZJTY SNI TP280,BB,GD. UTAMA - C,0,BTG,22800,0,1170.000 - Akun sementara - BAC,1170.000 - Akun sementara - BAC
,RM907,BB 10 ZJTY SNI TP280,BB,GD. UTAMA - C,0,BTG,54575,0,1170.000 - Akun sementara - BAC,1170.000 - Akun sementara - BAC
,RM906,BB 16 OKE ULIR SNI TS280,BB,GD. UTAMA - C,0,BTG,137750,0,1170.000 - Akun sementara - BAC,1170.000 - Akun sementara - BAC
,RM904,BB 12 OKE SNI TP280,BB,GD. UTAMA - C,0,BTG,77575,0,1170.000 - Akun sementara - BAC,1170.000 - Akun sementara - BAC
,RM902,BB 8 OKE SNI TP280,BB,GD. UTAMA - C,0,BTG,34602,0,1170.000 - Akun sementara - BAC,1170.000 - Akun sementara - BAC
,RM901,BB 6 TY SNI TP280,BB,GD. UTAMA - C,0,BTG,20000,0,1170.000 - Akun sementara - BAC,1170.000 - Akun sementara - BAC
,RM88,BB 6 KPSS SNI TP280,BBF,GD. UTAMA - C,0,BTG,25000,0,1170.000 - Akun sementara - BAC,1170.000 - Akun sementara - BAC
,RM 810,BB 10 OKE ULIR SNI TS280,BB,GD. UTAMA - C,0,BTG,51800,0,1170.000 - Akun sementara - BAC,1170.000 - Akun sementara - BAC
,RM75,"PAKU MACAN 5""",PAKU,GD. UTAMA - C,0,DUS,330000,0,1170.000 - Akun sementara - BAC,1170.000 - Akun sementara - BAC
,RM74,"PAKU MACAN 4""",PAKU,GD. UTAMA - C,0,DUS,330000,0,1170.000 - Akun sementara - BAC,1170.000 - Akun sementara - BAC
,RM73,"PAKU MACAN 3""",PAKU,GD. UTAMA - C,0,DUS,330000,0,1170.000 - Akun sementara - BAC,1170.000 - Akun sementara - BAC
,RM72,"PAKU MACAN 2""",PAKU,GD. UTAMA - C,0,DUS,330000,0,1170.000 - Akun sementara - BAC,1170.000 - Akun sementara - BAC
,RM71,"PAKU MACAN 1 1/2""",PAKU,GD. UTAMA - C,0,DUS,351000,0,1170.000 - Akun sementara - BAC,1170.000 - Akun sementara - BAC
,RM64,"PAKU HS 5""",PAKU,GD. UTAMA - C,0,DUS,330000,0,1170.000 - Akun sementara - BAC,1170.000 - Akun sementara - BAC
,RM63,"PAKU HS 4""",PAKU,GD. UTAMA - C,0,DUS,330000,0,1170.000 - Akun sementara - BAC,1170.000 - Akun sementara - BAC
,RM62,"PAKU HS 3""",PAKU,GD. UTAMA - C,0,DUS,330000,0,1170.000 - Akun sementara - BAC,1170.000 - Akun sementara - BAC
,RM61,"PAKU HS 2""",PAKU,GD. UTAMA - C,0,DUS,330000,0,1170.000 - Akun sementara - BAC,1170.000 - Akun sementara - BAC
,RM60,"PAKU HS 1 1/2""",PAKU,GD. UTAMA - C,0,DUS,351000,0,1170.000 - Akun sementara - BAC,1170.000 - Akun sementara - BAC
,RM56,KAWAT BENDRAT @20KG,BK,GD. UTAMA - C,0,ROLL,246000,0,1170.000 - Akun sementara - BAC,1170.000 - Akun sementara - BAC
,RM521,BB 13 OKE ULIR SNI TS280,BB,GD. UTAMA - C,0,BTG,92500,0,1170.000 - Akun sementara - BAC,1170.000 - Akun sementara - BAC
,RM458,KAWAT STIK BENDRAT @20KG 4 CM,BK,GD. UTAMA - C,0,DUS,261120,0,1170.000 - Akun sementara - BAC,1170.000 - Akun sementara - BAC
,RM3472,SOLVENER 5 LTR GALON @ 5 PCS,BK,GD. UTAMA - C,0,DUS,287500,0,1170.000 - Akun sementara - BAC,1170.000 - Akun sementara - BAC
,RM3471,SOLVENER 1 LTR @24 PCS,BK,GD. UTAMA - C,0,DUS,288000,0,1170.000 - Akun sementara - BAC,1170.000 - Akun sementara - BAC
,RM3464,KAWAT BWG 20 @25KG,BK,GD. UTAMA - C,0,ROLL,414000,0,1170.000 - Akun sementara - BAC,1170.000 - Akun sementara - BAC
,RM3462,KAWAT BWG 16 @50 KG,BK,GD. UTAMA - C,0,ROLL,721000,0,1170.000 - Akun sementara - BAC,1170.000 - Akun sementara - BAC
,RM3461,KAWAT BWG 14 @50KG,BK,GD. UTAMA - C,1,ROLL,689000,689000,1170.000 - Akun sementara - BAC,1170.000 - Akun sementara - BAC
,RM28,BB 8 TJ SNI TP280,BB,GD. UTAMA - C,0,BTG,34602,0,1170.000 - Akun sementara - BAC,1170.000 - Akun sementara - BAC
,RM2705,BB 10 JAS SNI TP280,BBF,GD. UTAMA - C,0,BTG,61420,0,1170.000 - Akun sementara - BAC,1170.000 - Akun sementara - BAC
,RM2359,"PAKU MACAN 6"" @ 27 KG",PAKU,GD. UTAMA - C,0,DUS,310500,0,1170.000 - Akun sementara - BAC,1170.000 - Akun sementara - BAC
,RM2358,"PAKU MACAN 5"" @ 27 KG",PAKU,GD. UTAMA - C,0,DUS,310500,0,1170.000 - Akun sementara - BAC,1170.000 - Akun sementara - BAC
,RM2357,"PAKU MACAN 4"" @ 27 KG",PAKU,GD. UTAMA - C,0,DUS,310500,0,1170.000 - Akun sementara - BAC,1170.000 - Akun sementara - BAC
,RM2356,"PAKU MACAN 3"" @27 KG",PAKU,GD. UTAMA - C,0,DUS,310500,0,1170.000 - Akun sementara - BAC,1170.000 - Akun sementara - BAC
,RM2355,"PAKU MACAN 2"" @27 KG",PAKU,GD. UTAMA - C,0,DUS,310500,0,1170.000 - Akun sementara - BAC,1170.000 - Akun sementara - BAC
,RM2354,"PAKU MACAN 1 1/2"" @27 KG",PAKU,GD. UTAMA - C,0,DUS,315900,0,1170.000 - Akun sementara - BAC,1170.000 - Akun sementara - BAC
,RM2353,"PAKU PERWIRA 6""",PAKU,GD. UTAMA - C,0,DUS,336000,0,1170.000 - Akun sementara - BAC,1170.000 - Akun sementara - BAC
,RM2352,"PAKU PERWIRA 5""",PAKU,GD. UTAMA - C,0,DUS,336000,0,1170.000 - Akun sementara - BAC,1170.000 - Akun sementara - BAC
,RM2351,"PAKU PERWIRA 4""",PAKU,GD. UTAMA - C,0,DUS,336000,0,1170.000 - Akun sementara - BAC,1170.000 - Akun sementara - BAC
,RM2350,"PAKU PERWIRA 3""",PAKU,GD. UTAMA - C,0,DUS,336000,0,1170.000 - Akun sementara - BAC,1170.000 - Akun sementara - BAC
,RM2349,"PAKU PERWIRA 2""",PAKU,GD. UTAMA - C,0,DUS,336000,0,1170.000 - Akun sementara - BAC,1170.000 - Akun sementara - BAC
,RM2348,"PAKU PERWIRA 1 1/2""",PAKU,GD. UTAMA - C,0,DUS,366000,0,1170.000 - Akun sementara - BAC,1170.000 - Akun sementara - BAC
,RM2347,"PAKU NAIL 2000 3/4""",PAKU,GD. UTAMA - C,0,DUS,532500,0,1170.000 - Akun sementara - BAC,1170.000 - Akun sementara - BAC
,RM2346,"PAKU NAIL 2000 1 1/4""",PAKU,GD. UTAMA - C,0,DUS,555000,0,1170.000 - Akun sementara - BAC,1170.000 - Akun sementara - BAC
,RM2345,"PAKU NAIL 2000 1""",PAKU,GD. UTAMA - C,0,DUS,525000,0,1170.000 - Akun sementara - BAC,1170.000 - Akun sementara - BAC
,RM227,BB 10 JAS ULIR SNI TS280,BBF,GD. UTAMA - C,0,BTG,61420,0,1170.000 - Akun sementara - BAC,1170.000 - Akun sementara - BAC
,RM2115,BB 10 TJ ULIR SNI TS280,BB,GD. UTAMA - C,0,BTG,53650,0,1170.000 - Akun sementara - BAC,1170.000 - Akun sementara - BAC
,RM2005,BB 8 KSSG SNI TP280,BBF,GD. UTAMA - C,0,BTG,39816,0,1170.000 - Akun sementara - BAC,1170.000 - Akun sementara - BAC
,RM16,BB 8 STD SNI TP280,BBF,GD. UTAMA - C,6,BTG,42186,253116,1170.000 - Akun sementara - BAC,1170.000 - Akun sementara - BAC
,RM1525,BB 10 STD SNI TP280,BBF,GD. UTAMA - C,0,BTG,63640,0,1170.000 - Akun sementara - BAC,1170.000 - Akun sementara - BAC
,RM124,BB 6 BKI SNI TP280,BBF,GD. UTAMA - C,0,BTG,25000,0,1170.000 - Akun sementara - BAC,1170.000 - Akun sementara - BAC
,RM123,BB 6 KHS SNI TP280,BB,GD. UTAMA - C,0,BTG,25000,0,1170.000 - Akun sementara - BAC,1170.000 - Akun sementara - BAC
,RM1207,BB 10 LTS ULIR SNI TS280,BBF,GD. UTAMA - C,0,BTG,58830,0,1170.000 - Akun sementara - BAC,1170.000 - Akun sementara - BAC
,RM1205,"PAKU ASBES 3"" ( 7 CM )",PAKU,GD. UTAMA - C,0,DUS,140000,0,1170.000 - Akun sementara - BAC,1170.000 - Akun sementara - BAC
,RM0925,BB 8 JAS SNI TP280,BBF,GD. UTAMA - C,0,BTG,39342,0,1170.000 - Akun sementara - BAC,1170.000 - Akun sementara - BAC
,RM080,"PAKU A Y 5""",PAKU,GD. UTAMA - C,0,DUS,330000,0,1170.000 - Akun sementara - BAC,1170.000 - Akun sementara - BAC
,RM079,"PAKU A Y 4""",PAKU,GD. UTAMA - C,0,DUS,330000,0,1170.000 - Akun sementara - BAC,1170.000 - Akun sementara - BAC
,RM078,"PAKU A Y 3""",PAKU,GD. UTAMA - C,0,DUS,330000,0,1170.000 - Akun sementara - BAC,1170.000 - Akun sementara - BAC
,RM077,"PAKU A Y 2""",PAKU,GD. UTAMA - C,0,DUS,330000,0,1170.000 - Akun sementara - BAC,1170.000 - Akun sementara - BAC
,RM0725,BB 6 TJ SNI TP280,BB,GD. UTAMA - C,0,BTG,23500,0,1170.000 - Akun sementara - BAC,1170.000 - Akun sementara - BAC
,RM0707,BB 10 LTS SNI TP280,BBF,GD. UTAMA - C,0,BTG,58830,0,1170.000 - Akun sementara - BAC,1170.000 - Akun sementara - BAC
,RM067,BAUD DRILLING 12 x 70 LL,BAUD,GD. UTAMA - C,0,BIJI,347,0,1170.000 - Akun sementara - BAC,1170.000 - Akun sementara - BAC
,RM03,BAUD DRILLING 12 x 70 LL,BAUD,GD. UTAMA - C,0,PAK,69400,0,1170.000 - Akun sementara - BAC,1170.000 - Akun sementara - BAC
,RM0281,BB 13 PSNI ULIR SNI TS280,BB,GD. UTAMA - C,0,BTG,91250,0,1170.000 - Akun sementara - BAC,1170.000 - Akun sementara - BAC
,RM027,BB 10 IBS ULIR SNI TS280,BBF,GD. UTAMA - C,0,BTG,62160,0,1170.000 - Akun sementara - BAC,1170.000 - Akun sementara - BAC
,RM0245,BB 10 TJI SNI TP280,BB,GD. UTAMA - C,0,BTG,52540,0,1170.000 - Akun sementara - BAC,1170.000 - Akun sementara - BAC
,RM0225,BB 10 KSSG SNI TP280,BBF,GD. UTAMA - C,0,BTG,65860,0,1170.000 - Akun sementara - BAC,1170.000 - Akun sementara - BAC
,RM0207,BB 12 KSSG SNI TP280,BBF,GD. UTAMA - C,0,BTG,85065,0,1170.000 - Akun sementara - BAC,1170.000 - Akun sementara - BAC
,RM0205,BB 12 WBL SNI TP280,BBF,GD. UTAMA - C,0,BTG,89880,0,1170.000 - Akun sementara - BAC,1170.000 - Akun sementara - BAC
,RM02,KAWAT BENDRAT @25KG,BK,GD. UTAMA - C,0,ROLL,307500,0,1170.000 - Akun sementara - BAC,1170.000 - Akun sementara - BAC
,RM018,BB 10 IBD SNI TP280,BBF,GD. UTAMA - C,0,BTG,58830,0,1170.000 - Akun sementara - BAC,1170.000 - Akun sementara - BAC
,RM01012,BB 6 OKE SNI TP280,BB,GD. UTAMA - C,0,BTG,22500,0,1170.000 - Akun sementara - BAC,1170.000 - Akun sementara - BAC
,RM0101,BB 10 IBS SNI TP280,BBF,GD. UTAMA - C,0,BTG,62160,0,1170.000 - Akun sementara - BAC,1170.000 - Akun sementara - BAC
,RM01,BAUD BAJA RINGAN 10 x 19,BAUD,GD. UTAMA - C,0,PAK,96800,0,1170.000 - Akun sementara - BAC,1170.000 - Akun sementara - BAC
,RM008,BB 13 KSSG ULIR SNI TS280,BBF,GD. UTAMA - C,0,BTG,107500,0,1170.000 - Akun sementara - BAC,1170.000 - Akun sementara - BAC
,RM007,BB 13 IBS ULIR SNI TS280,BBF,GD. UTAMA - C,0,BTG,107500,0,1170.000 - Akun sementara - BAC,1170.000 - Akun sementara - BAC
,RM006,BB 12 IBS SNI TP280,BBF,GD. UTAMA - C,0,BTG,89880,0,1170.000 - Akun sementara - BAC,1170.000 - Akun sementara - BAC
,RM005,BB 10 WBL SNI TP280,BBF,GD. UTAMA - C,0,BTG,58830,0,1170.000 - Akun sementara - BAC,1170.000 - Akun sementara - BAC
,RM003,BB 8 WBL SNI TP280,BBF,GD. UTAMA - C,0,BTG,40290,0,1170.000 - Akun sementara - BAC,1170.000 - Akun sementara - BAC
,RM00257,KAWAT LOKET PVC 1/4,KAWAT,GD. UTAMA - C,0,ROLL,73295,0,1170.000 - Akun sementara - BAC,1170.000 - Akun sementara - BAC
,RM00256,KAWAT LOKET PVC 1/2,KAWAT,GD. UTAMA - C,0,ROLL,51895,0,1170.000 - Akun sementara - BAC,1170.000 - Akun sementara - BAC
,RM002,BB 8 IBS SNI TP280,BBF,GD. UTAMA - C,0,BTG,42186,0,1170.000 - Akun sementara - BAC,1170.000 - Akun sementara - BAC
,RM0010,"PAKU HS 6""",PAKU,GD. UTAMA - C,3,DUS,330000,990000,1170.000 - Akun sementara - BAC,1170.000 - Akun sementara - BAC
,RM0008,BB 16 IBS ULIR SNI TS280,BBF,GD. UTAMA - C,0,BTG,161500,0,1170.000 - Akun sementara - BAC,1170.000 - Akun sementara - BAC
,RM0002,BAUD DRILLING 12 x 70 LL,BAUD,GD. UTAMA - C,0,DUS,694000,0,1170.000 - Akun sementara - BAC,1170.000 - Akun sementara - BAC
,NV05,BB 16 OKE ULIR SNI TS280,BB,GD. UTAMA - C,0,BTG,136800,0,1170.000 - Akun sementara - BAC,1170.000 - Akun sementara - BAC
,NV04,BB 13 OKE ULIR TS280,BB,GD. UTAMA - C,0,BTG,90000,0,1170.000 - Akun sementara - BAC,1170.000 - Akun sementara - BAC
,NV03,BB 12 IBS SNI TP280,BBF,GD. UTAMA - C,0,BTG,86750,0,1170.000 - Akun sementara - BAC,1170.000 - Akun sementara - BAC
,NV02,BB 10 OKE SNI TP280,BB,GD. UTAMA - C,0,BTG,52540,0,1170.000 - Akun sementara - BAC,1170.000 - Akun sementara - BAC
,NV01,BB 8 OKE SNI TP280,BB,GD. UTAMA - C,0,BTG,33654,0,1170.000 - Akun sementara - BAC,1170.000 - Akun sementara - BAC
,MAM01,SPANDEK PASIR MERAH 0.25 F,SPD,GD. UTAMA - C,0,LBR,220000,0,1170.000 - Akun sementara - BAC,1170.000 - Akun sementara - BAC
,JD99,BB 10 IBD ULIR SNI TS280,BBF,GD. UTAMA - C,0,BTG,55260,0,1170.000 - Akun sementara - BAC,1170.000 - Akun sementara - BAC
,JD98,BAJA R 28 x 0.40,RENG,GD. UTAMA - C,0,BTG,18750,0,1170.000 - Akun sementara - BAC,1170.000 - Akun sementara - BAC
,JD97,BAJA C75 x 0.75 GLC,BJR,GD. UTAMA - C,0,BTG,53000,0,1170.000 - Akun sementara - BAC,1170.000 - Akun sementara - BAC
,JD906,BB 16 OKE ULIR SNI TS280,BB,GD. UTAMA - C,0,BTG,128750,0,1170.000 - Akun sementara - BAC,1170.000 - Akun sementara - BAC
,JD88,BB 6 KPSS SNI TP280,BBF,GD. UTAMA - C,0,BTG,23850,0,1170.000 - Akun sementara - BAC,1170.000 - Akun sementara - BAC
,JD75,"PAKU HS 6""",PAKU,GD. UTAMA - C,0,DUS,306500,0,1170.000 - Akun sementara - BAC,1170.000 - Akun sementara - BAC
,JD74,"PAKU HS 5""",PAKU,GD. UTAMA - C,0,DUS,306500,0,1170.000 - Akun sementara - BAC,1170.000 - Akun sementara - BAC
,JD73,"PAKU HS 4""",PAKU,GD. UTAMA - C,0,DUS,306500,0,1170.000 - Akun sementara - BAC,1170.000 - Akun sementara - BAC
,JD72,"PAKU HS 3""",PAKU,GD. UTAMA - C,0,DUS,306500,0,1170.000 - Akun sementara - BAC,1170.000 - Akun sementara - BAC
,JD71,"PAKU HS 2""",PAKU,GD. UTAMA - C,0,DUS,306500,0,1170.000 - Akun sementara - BAC,1170.000 - Akun sementara - BAC
,JD70,"PAKU HS 1 1/2""",PAKU,GD. UTAMA - C,0,DUS,321500,0,1170.000 - Akun sementara - BAC,1170.000 - Akun sementara - BAC
,JD522,BB 13 OKE ULIR SNI TS280,BB,GD. UTAMA - C,0,BTG,84875,0,1170.000 - Akun sementara - BAC,1170.000 - Akun sementara - BAC
,JD29250,GENTENG PASIR MERAH 2 x 4,GENTENG,GD. UTAMA - C,0,PCS,20000,0,1170.000 - Akun sementara - BAC,1170.000 - Akun sementara - BAC
,JD2925,NOK C PASIR MERAH,NOK,GD. UTAMA - C,0,PCS,11000,0,1170.000 - Akun sementara - BAC,1170.000 - Akun sementara - BAC
,JD2908,DINABOL 10 x 65,DB,GD. UTAMA - C,0,PCS,1700,0,1170.000 - Akun sementara - BAC,1170.000 - Akun sementara - BAC
,JD2808,WD @ 20 PCS,WD,GD. UTAMA - C,0,PAK,50000,0,1170.000 - Akun sementara - BAC,1170.000 - Akun sementara - BAC
,JD2705,BB 10 JAS SNI TP280,BBF,GD. UTAMA - C,0,BTG,55260,0,1170.000 - Akun sementara - BAC,1170.000 - Akun sementara - BAC
,JD25,BB 13 KSSG ULIR SNI TS280,BBF,GD. UTAMA - C,0,BTG,94250,0,1170.000 - Akun sementara - BAC,1170.000 - Akun sementara - BAC
,JD24,BB 12 OKE SNI TP280,BB,GD. UTAMA - C,0,BTG,70050,0,1170.000 - Akun sementara - BAC,1170.000 - Akun sementara - BAC
,JD227,BB 10 JAS ULIR SNI TS280,BBF,GD. UTAMA - C,0,BTG,57110,0,1170.000 - Akun sementara - BAC,1170.000 - Akun sementara - BAC
,JD2212,BB 12 KPSS SNI TP280,BBF,GD. UTAMA - C,0,BTG,89845,0,1170.000 - Akun sementara - BAC,1170.000 - Akun sementara - BAC
,JD2115,BB 10 TJ ULIR SNI TS280,BB,GD. UTAMA - C,0,BTG,51560,0,1170.000 - Akun sementara - BAC,1170.000 - Akun sementara - BAC
,JD2005,BB 8 KSSG SNI TP280,BBF,GD. UTAMA - C,0,BTG,35576,0,1170.000 - Akun sementara - BAC,1170.000 - Akun sementara - BAC
,JD1807,KAWAT BWG 18 @25 KG,KAWAT,GD. UTAMA - C,0,ROLL,343000,0,1170.000 - Akun sementara - BAC,1170.000 - Akun sementara - BAC
,JD1601,BB 10 LTS SNI TP280,BBF,GD. UTAMA - C,0,BTG,55260,0,1170.000 - Akun sementara - BAC,1170.000 - Akun sementara - BAC
,JD16,BB 8 STD SNI TP280,BBF,GD. UTAMA - C,0,BTG,36998,0,1170.000 - Akun sementara - BAC,1170.000 - Akun sementara - BAC
,JD1525,BB 10 STD SNI TP280,BBF,GD. UTAMA - C,0,BTG,58220,0,1170.000 - Akun sementara - BAC,1170.000 - Akun sementara - BAC
,JD14,BB 12 IBD SNI TP280,BBF,GD. UTAMA - C,0,BTG,79680,0,1170.000 - Akun sementara - BAC,1170.000 - Akun sementara - BAC
,JD125,BB 8 KZATI ULIR TS280,BB,GD. UTAMA - C,0,BTG,35102,0,1170.000 - Akun sementara - BAC,1170.000 - Akun sementara - BAC
,JD1207,BB 10 LTS ULIR SNI TS280,BBF,GD. UTAMA - C,0,BTG,55260,0,1170.000 - Akun sementara - BAC,1170.000 - Akun sementara - BAC
,JD099,SPANDEK BD 1000 x 0.25 x 5 M,SPD,GD. UTAMA - C,0,LBR,120000,0,1170.000 - Akun sementara - BAC,1170.000 - Akun sementara - BAC
,JD0925,BB 8 JAS SNI TP280,BBF,GD. UTAMA - C,0,BTG,36761,0,1170.000 - Akun sementara - BAC,1170.000 - Akun sementara - BAC
,JD092,BB 6 SHS SNI TP280,BBF,GD. UTAMA - C,0,BTG,24500,0,1170.000 - Akun sementara - BAC,1170.000 - Akun sementara - BAC
,JD091,BB 8 IBD SNI TP280,BBF,GD. UTAMA - C,0,BTG,40079,0,1170.000 - Akun sementara - BAC,1170.000 - Akun sementara - BAC
,JD0907,KAWAT BWG 16 @50 KG,KAWAT,GD. UTAMA - C,0,ROLL,655500,0,1170.000 - Akun sementara - BAC,1170.000 - Akun sementara - BAC
,JD090,BB 13 IBD ULIR SNI TS280,BB,GD. UTAMA - C,0,BTG,96750,0,1170.000 - Akun sementara - BAC,1170.000 - Akun sementara - BAC
,JD089,BB 10 OKE SNI TP280,BB,GD. UTAMA - C,0,BTG,48600,0,1170.000 - Akun sementara - BAC,1170.000 - Akun sementara - BAC
,JD088,BB 10 IBS SNI TP280,BBF,GD. UTAMA - C,0,BTG,63030,0,1170.000 - Akun sementara - BAC,1170.000 - Akun sementara - BAC
,JD0825,"PAKU NAIL 3/4""",PAKU,GD. UTAMA - C,0,DUS,510500,0,1170.000 - Akun sementara - BAC,1170.000 - Akun sementara - BAC
,JD078,"PAKU A Y 3""",PAKU,GD. UTAMA - C,0,DUS,324500,0,1170.000 - Akun sementara - BAC,1170.000 - Akun sementara - BAC
,JD077,"PAKU A Y 2""",PAKU,GD. UTAMA - C,0,DUS,311000,0,1170.000 - Akun sementara - BAC,1170.000 - Akun sementara - BAC
,JD0725,BB 6 TJ SNI TP280,BB,GD. UTAMA - C,0,BTG,22500,0,1170.000 - Akun sementara - BAC,1170.000 - Akun sementara - BAC
,JD055,BB 10 OKE ULIR SNI TS280,BB,GD. UTAMA - C,0,BTG,50820,0,1170.000 - Akun sementara - BAC,1170.000 - Akun sementara - BAC
,JD0427,"PAKU NAIL 1 1/4""",PAKU,GD. UTAMA - C,2,DUS,495500,991000,1170.000 - Akun sementara - BAC,1170.000 - Akun sementara - BAC
,JD0426,"PAKU NAIL 1""",PAKU,GD. UTAMA - C,0,DUS,503000,0,1170.000 - Akun sementara - BAC,1170.000 - Akun sementara - BAC
,JD0425,BB 10 TJI TP280,BB,GD. UTAMA - C,0,BTG,51560,0,1170.000 - Akun sementara - BAC,1170.000 - Akun sementara - BAC
,JD032,BB 12 KZTV POLOS TP280,BB,GD. UTAMA - C,0,BTG,74900,0,1170.000 - Akun sementara - BAC,1170.000 - Akun sementara - BAC
,JD031,BB 12 KZATI POLOS TP280,BB,GD. UTAMA - C,0,BTG,77040,0,1170.000 - Akun sementara - BAC,1170.000 - Akun sementara - BAC
,JD030,BB 13 IBS ULIR SNI TS280,BBF,GD. UTAMA - C,0,BTG,105500,0,1170.000 - Akun sementara - BAC,1170.000 - Akun sementara - BAC
,JD03,BAUD BAJARINGAN 10 x 16,BAUD,GD. UTAMA - C,0,PAK,80000,0,1170.000 - Akun sementara - BAC,1170.000 - Akun sementara - BAC
,JD029,BB 10 WBL SNI TP280,BBF,GD. UTAMA - C,0,BTG,55260,0,1170.000 - Akun sementara - BAC,1170.000 - Akun sementara - BAC
,JD025,BB 16 IBS ULIR SNI TS280,BBF,GD. UTAMA - C,0,BTG,148700,0,1170.000 - Akun sementara - BAC,1170.000 - Akun sementara - BAC
,JD024,BB 13 PSNI ULIR SNI TS280,BB,GD. UTAMA - C,0,BTG,85813,0,1170.000 - Akun sementara - BAC,1170.000 - Akun sementara - BAC
,JD023,BB 10 SGS SNI TP280,BB,GD. UTAMA - C,0,BTG,40000,0,1170.000 - Akun sementara - BAC,1170.000 - Akun sementara - BAC
,JD0225,BB 10 KSSG SNI TP280,BBF,GD. UTAMA - C,0,BTG,61180,0,1170.000 - Akun sementara - BAC,1170.000 - Akun sementara - BAC
,JD022,BB 10 ZJTY SNI TP280,BB,GD. UTAMA - C,0,BTG,51930,0,1170.000 - Akun sementara - BAC,1170.000 - Akun sementara - BAC
,JD021,BB 10 TJ SNI TP280,BB,GD. UTAMA - C,0,BTG,48600,0,1170.000 - Akun sementara - BAC,1170.000 - Akun sementara - BAC
,JD0207,BB 12 KSSG SNI TP280,BBF,GD. UTAMA - C,0,BTG,79680,0,1170.000 - Akun sementara - BAC,1170.000 - Akun sementara - BAC
,JD0205,BB 12 WBL SNI TP280,BBF,GD. UTAMA - C,0,BTG,85030,0,1170.000 - Akun sementara - BAC,1170.000 - Akun sementara - BAC
,JD020,BB 10 IBS ULIR SNI TS280,BBF,GD. UTAMA - C,0,BTG,57480,0,1170.000 - Akun sementara - BAC,1170.000 - Akun sementara - BAC
,JD02,BAUD DRILLING 12 x 70 LL,BAUD,GD. UTAMA - C,0,PAK,66000,0,1170.000 - Akun sementara - BAC,1170.000 - Akun sementara - BAC
,JD019,BB 8 SGS SNI TP280,BB,GD. UTAMA - C,0,BTG,25500,0,1170.000 - Akun sementara - BAC,1170.000 - Akun sementara - BAC
,JD018,BB 8 IBS SNI TP280,BBF,GD. UTAMA - C,0,BTG,40079,0,1170.000 - Akun sementara - BAC,1170.000 - Akun sementara - BAC
,JD017,BB 6 ZJTY SNI TP280,BB,GD. UTAMA - C,0,BTG,21514,0,1170.000 - Akun sementara - BAC,1170.000 - Akun sementara - BAC
,JD016,BB 6 KHS SNI TP280,BB,GD. UTAMA - C,0,BTG,24300,0,1170.000 - Akun sementara - BAC,1170.000 - Akun sementara - BAC
,JD015,BB 6 BKI SNI TP280,BBF,GD. UTAMA - C,0,BTG,23850,0,1170.000 - Akun sementara - BAC,1170.000 - Akun sementara - BAC
,JD014,WIREMESH M8 BESAR,WR,GD. UTAMA - C,0,LBR,445000,0,1170.000 - Akun sementara - BAC,1170.000 - Akun sementara - BAC
,JD0133,BB 12 TJ SNI TP280,BB,GD. UTAMA - C,0,BTG,74330,0,1170.000 - Akun sementara - BAC,1170.000 - Akun sementara - BAC
,JD013,WIREMESH M6,WR,GD. UTAMA - C,0,LBR,240000,0,1170.000 - Akun sementara - BAC,1170.000 - Akun sementara - BAC
,JD0128,BB 8 OKE SNI TP280,BB,GD. UTAMA - C,0,BTG,31310,0,1170.000 - Akun sementara - BAC,1170.000 - Akun sementara - BAC
,JD0127,BB 6 TY SNI TP280,BB,GD. UTAMA - C,0,BTG,19000,0,1170.000 - Akun sementara - BAC,1170.000 - Akun sementara - BAC
,JD0125,BB 12 IBS SNI TP280,BBF,GD. UTAMA - C,0,BTG,82890,0,1170.000 - Akun sementara - BAC,1170.000 - Akun sementara - BAC
,JD012,BB 8 ZJTY SNI TP280,BB,GD. UTAMA - C,0,BTG,32495,0,1170.000 - Akun sementara - BAC,1170.000 - Akun sementara - BAC
,JD0110,BB 8 TJ SNI TP280,BB,GD. UTAMA - C,0,BTG,31310,0,1170.000 - Akun sementara - BAC,1170.000 - Akun sementara - BAC
,JD011,BB 10 PSNI ULIR SNI TS280,BB,GD. UTAMA - C,0,BTG,53965,0,1170.000 - Akun sementara - BAC,1170.000 - Akun sementara - BAC
,JD01013,BB 6 OKE SNI TP280,BB,GD. UTAMA - C,0,BTG,21250,0,1170.000 - Akun sementara - BAC,1170.000 - Akun sementara - BAC
,JD010,KAWAT BENDRAT @25KG,BK,GD. UTAMA - C,0,ROLL,296750,0,1170.000 - Akun sementara - BAC,1170.000 - Akun sementara - BAC
,JD01,BAUD BAJA RINGAN 10 x 19,BK,GD. UTAMA - C,0,BIJI,109,0,1170.000 - Akun sementara - BAC,1170.000 - Akun sementara - BAC
,JD009,BB 8 WBL SNI TP280,BBF,GD. UTAMA - C,0,BTG,35576,0,1170.000 - Akun sementara - BAC,1170.000 - Akun sementara - BAC
,JD008,KAWAT BENDRAT @20KG,BK,GD. UTAMA - C,0,ROLL,234500,0,1170.000 - Akun sementara - BAC,1170.000 - Akun sementara - BAC
,JD007,BB 10 IBD SNI TP280,BBF,GD. UTAMA - C,0,BTG,55260,0,1170.000 - Akun sementara - BAC,1170.000 - Akun sementara - BAC
,JD006,"PAKU PERWIRA 6""",PAKU,GD. UTAMA - C,0,DUS,324500,0,1170.000 - Akun sementara - BAC,1170.000 - Akun sementara - BAC
,JD005,"PAKU PERWIRA 5""",PAKU,GD. UTAMA - C,0,DUS,324500,0,1170.000 - Akun sementara - BAC,1170.000 - Akun sementara - BAC
,JD004,"PAKU PERWIRA 4""",PAKU,GD. UTAMA - C,0,DUS,324500,0,1170.000 - Akun sementara - BAC,1170.000 - Akun sementara - BAC
,JD003,"PAKU PERWIRA 3""",PAKU,GD. UTAMA - C,0,DUS,324500,0,1170.000 - Akun sementara - BAC,1170.000 - Akun sementara - BAC
,JD00259,KAWAT LOKET PVC 1/4,KAWAT,GD. UTAMA - C,0,ROLL,68500,0,1170.000 - Akun sementara - BAC,1170.000 - Akun sementara - BAC
,JD00258,KAWAT LOKET PVC 1/2,KAWAT,GD. UTAMA - C,0,ROLL,48500,0,1170.000 - Akun sementara - BAC,1170.000 - Akun sementara - BAC
,JD002,"PAKU PERWIRA 2""",PAKU,GD. UTAMA - C,0,DUS,324500,0,1170.000 - Akun sementara - BAC,1170.000 - Akun sementara - BAC
,JD0018,WIREMESH M6,WR,GD. UTAMA - C,0,LBR,265000,0,1170.000 - Akun sementara - BAC,1170.000 - Akun sementara - BAC
,JD001,"PAKU PERWIRA 1 1/2""",PAKU,GD. UTAMA - C,0,DUS,339500,0,1170.000 - Akun sementara - BAC,1170.000 - Akun sementara - BAC
,JD0005,SKRUP GYPSUM 1 x 6 LL,SKRUP,GD. UTAMA - C,0,PAK,15462,0,1170.000 - Akun sementara - BAC,1170.000 - Akun sementara - BAC
,IWF03,IWF LS 150 x 12 MTR,IWF,GD. UTAMA - C,0,BTG,2003568,0,1170.000 - Akun sementara - BAC,1170.000 - Akun sementara - BAC
,IWF02,IWF 350 x 12 M,IWF,GD. UTAMA - C,0,BTG,9184000,0,1170.000 - Akun sementara - BAC,1170.000 - Akun sementara - BAC
,IWF01,IWF LS 200 x 12 MTR,IWF,GD. UTAMA - C,0,BTG,3286594,0,1170.000 - Akun sementara - BAC,1170.000 - Akun sementara - BAC
,GV116,GALVALUME 0.30 x 60,SENG,GD. UTAMA - C,9,ROLL,870000,7830000,1170.000 - Akun sementara - BAC,1170.000 - Akun sementara - BAC
,GV115,GALVALUME 0.30 x 90,SENG,GD. UTAMA - C,0,ROLL,1270000,0,1170.000 - Akun sementara - BAC,1170.000 - Akun sementara - BAC
,GV114,GALVALUME 0.25 x 60,SENG,GD. UTAMA - C,5,ROLL,621000,3105000,1170.000 - Akun sementara - BAC,1170.000 - Akun sementara - BAC
,GV113,GALVALUME 0.25 x 120,SENG,GD. UTAMA - C,0,ROLL,1032000,0,1170.000 - Akun sementara - BAC,1170.000 - Akun sementara - BAC
,GV112,GALVALUME 0.30 x 70,SENG,GD. UTAMA - C,15,ROLL,1190000,17850000,1170.000 - Akun sementara - BAC,1170.000 - Akun sementara - BAC
,GV111,GALVALUME 0.25 x 70,SENG,GD. UTAMA - C,6,ROLL,775000,4650000,1170.000 - Akun sementara - BAC,1170.000 - Akun sementara - BAC
,GV103,GALVALUME 0.30 x 120,SENG,GD. UTAMA - C,0,ROLL,1464000,0,1170.000 - Akun sementara - BAC,1170.000 - Akun sementara - BAC
,GV017,AURI GALVALUM 0.30 x 90,SENG,GD. UTAMA - C,1,ROLL,1288980,1288980,1170.000 - Akun sementara - BAC,1170.000 - Akun sementara - BAC
,GV016,AURI GALVALUM 0.30 x 60,SENG,GD. UTAMA - C,0,ROLL,860160,0,1170.000 - Akun sementara - BAC,1170.000 - Akun sementara - BAC
,GV015,AURI GALVALUM 0.25 x 90,SENG,GD. UTAMA - C,0,ROLL,919350,0,1170.000 - Akun sementara - BAC,1170.000 - Akun sementara - BAC
,GV014,AURI GALVALUM 0.25 x 70,SENG,GD. UTAMA - C,0,ROLL,759360,0,1170.000 - Akun sementara - BAC,1170.000 - Akun sementara - BAC
,GV013,AURI GALVALUM 0.25 x 60,SENG,GD. UTAMA - C,0,ROLL,626400,0,1170.000 - Akun sementara - BAC,1170.000 - Akun sementara - BAC
,GV012,AURI GALVALUM 90 x 0.30,SENG,GD. UTAMA - C,0,ROLL,1293600,0,1170.000 - Akun sementara - BAC,1170.000 - Akun sementara - BAC
,GV011,AURI GALVALUM 70 x 0.30,SENG,GD. UTAMA - C,0,ROLL,1218000,0,1170.000 - Akun sementara - BAC,1170.000 - Akun sementara - BAC
,GV010,AURI GALVALUM 60 x 0.30,SENG,GD. UTAMA - C,0,ROLL,864000,0,1170.000 - Akun sementara - BAC,1170.000 - Akun sementara - BAC
,GV009,AURI GALVALUM 90 x 0.25,SENG,GD. UTAMA - C,0,ROLL,924000,0,1170.000 - Akun sementara - BAC,1170.000 - Akun sementara - BAC
,GV008,AURI GALVALUM 70 x 0.25,SENG,GD. UTAMA - C,0,ROLL,764400,0,1170.000 - Akun sementara - BAC,1170.000 - Akun sementara - BAC
,GV007,AURI GALVALUM 60 x 0.25,SENG,GD. UTAMA - C,0,ROLL,633600,0,1170.000 - Akun sementara - BAC,1170.000 - Akun sementara - BAC
,GV006,GALVALUME 0.25 x 90,SENG,GD. UTAMA - C,3,ROLL,938000,2814000,1170.000 - Akun sementara - BAC,1170.000 - Akun sementara - BAC
,GV005,GALVALUME 0.30 x 914 x 50 M,SENG,GD. UTAMA - C,0,ROLL,1258379,0,1170.000 - Akun sementara - BAC,1170.000 - Akun sementara - BAC
,GV004,GALVALUME 0.30 x 700 x 50 M,SENG,GD. UTAMA - C,0,ROLL,1219461,0,1170.000 - Akun sementara - BAC,1170.000 - Akun sementara - BAC
,GV003,GALVALUME 0.30 x 600 x 50 M,SENG,GD. UTAMA - C,0,ROLL,869190,0,1170.000 - Akun sementara - BAC,1170.000 - Akun sementara - BAC
,GV002,GALVALUME 0.25 x 700 x 50 M,SENG,GD. UTAMA - C,0,ROLL,830271,0,1170.000 - Akun sementara - BAC,1170.000 - Akun sementara - BAC
,GV001,GALVALUME 0.25 x 600 X 50 M,SENG,GD. UTAMA - C,0,ROLL,681082,0,1170.000 - Akun sementara - BAC,1170.000 - Akun sementara - BAC
,GUN30,"GUNTING CPT 10""",GUNTING,GD. UTAMA - C,0,BIJI,69000,0,1170.000 - Akun sementara - BAC,1170.000 - Akun sementara - BAC
,DB2909,DINABOL 10 x 65 @ 100 PCS,DB,GD. UTAMA - C,0,PAK,170000,0,1170.000 - Akun sementara - BAC,1170.000 - Akun sementara - BAC
,CA07,BB 10 IBD ULIR SNI TS280,BBF,GD. UTAMA - C,0,BTG,59500,0,1170.000 - Akun sementara - BAC,1170.000 - Akun sementara - BAC
,C911,BB 16 IBD ULIR SNI TS280,BBF,GD. UTAMA - C,5,BTG,169575,847875,1170.000 - Akun sementara - BAC,1170.000 - Akun sementara - BAC
,C910,BB 10 KZATI ULIR TS280,BB,GD. UTAMA - C,0,BTG,55500,0,1170.000 - Akun sementara - BAC,1170.000 - Akun sementara - BAC
,C905,BB 13 OKE ULIR SNI TS280,BB,GD. UTAMA - C,0,BTG,93712,0,1170.000 - Akun sementara - BAC,1170.000 - Akun sementara - BAC
,C903,BB 10 OKE SNI TP280,BB,GD. UTAMA - C,0,BTG,54723,0,1170.000 - Akun sementara - BAC,1170.000 - Akun sementara - BAC
,BU16,HOLLO PRIME 0.35 4x4,HOLLO,GD. UTAMA - C,0,BTG,16500,0,1170.000 - Akun sementara - BAC,1170.000 - Akun sementara - BAC
,BU14,HOLLO PRIME 0.30 4x4,HOLLO,GD. UTAMA - C,1750,BTG,12800,22400000,1170.000 - Akun sementara - BAC,1170.000 - Akun sementara - BAC
,BU13,HOLLO PRIME 0.30 2x4,HOLLO,GD. UTAMA - C,1550,BTG,9500,14725000,1170.000 - Akun sementara - BAC,1170.000 - Akun sementara - BAC
,BU12,HOLLO STD 0.30 4x4,HOLLO,GD. UTAMA - C,2400,BTG,10800,25920000,1170.000 - Akun sementara - BAC,1170.000 - Akun sementara - BAC
,BU11,HOLLO STD 0.30 2x4,HOLLO,GD. UTAMA - C,2560,BTG,8400,21504000,1170.000 - Akun sementara - BAC,1170.000 - Akun sementara - BAC
,BU04,SPANDEK 1000 x 0.30 B x 6,SPD,GD. UTAMA - C,50,LBR,192000,9600000,1170.000 - Akun sementara - BAC,1170.000 - Akun sementara - BAC
,BU03,SPANDEK 1000 x 0.30 E x 6 M,SPD,GD. UTAMA - C,27,LBR,185000,4995000,1170.000 - Akun sementara - BAC,1170.000 - Akun sementara - BAC
,BU02,SPANDEK 1000 x 0.25 B x 6 M,SPD,GD. UTAMA - C,0,LBR,151000,0,1170.000 - Akun sementara - BAC,1170.000 - Akun sementara - BAC
,BU015,HOLLO PRIME 0.35 2x4,HOLLO,GD. UTAMA - C,450,BTG,12200,5490000,1170.000 - Akun sementara - BAC,1170.000 - Akun sementara - BAC
,BU01,SPANDEK 1000 x 0.25 E x 6 M,SPD,GD. UTAMA - C,0,LBR,0,0,1170.000 - Akun sementara - BAC,1170.000 - Akun sementara - BAC
,B00609,SKRUP GYPSUM LL 2X6,BK,GD. UTAMA - C,0,PAK,16275,0,1170.000 - Akun sementara - BAC,1170.000 - Akun sementara - BAC
,B00608,SKRUP GYPSUM LL 1X6,BK,GD. UTAMA - C,0,PAK,22000,0,1170.000 - Akun sementara - BAC,1170.000 - Akun sementara - BAC
,B00607,SKRUP GYPSUM LL 3X8,BK,GD. UTAMA - C,0,PAK,16275,0,1170.000 - Akun sementara - BAC,1170.000 - Akun sementara - BAC
,B00606,SKRUP GYPSUM LL 11/2X6,BK,GD. UTAMA - C,0,PAK,16275,0,1170.000 - Akun sementara - BAC,1170.000 - Akun sementara - BAC
,B00605,SKRUP GYPSUM LL 11/4X6,BK,GD. UTAMA - C,0,PAK,15300,0,1170.000 - Akun sementara - BAC,1170.000 - Akun sementara - BAC
,B00604,SKRUP GYPSUM LL 3/4X6,BK,GD. UTAMA - C,0,PAK,16275,0,1170.000 - Akun sementara - BAC,1170.000 - Akun sementara - BAC
,B00543,SKRUP GYPSUM MDN 1X6,BK,GD. UTAMA - C,0,PAK,22050,0,1170.000 - Akun sementara - BAC,1170.000 - Akun sementara - BAC
,B00542,SKRUP GYPSUM MDN 3/4X6,BK,GD. UTAMA - C,0,PAK,24150,0,1170.000 - Akun sementara - BAC,1170.000 - Akun sementara - BAC
,B00435,PAKU BETON HITAM MDN 100MM,BK,GD. UTAMA - C,0,PAK,43575,0,1170.000 - Akun sementara - BAC,1170.000 - Akun sementara - BAC
,B00434,PAKU BETON HITAM MDN 80MM,BK,GD. UTAMA - C,0,PAK,35175,0,1170.000 - Akun sementara - BAC,1170.000 - Akun sementara - BAC
,B00433,PAKU BETON HITAM MDN 70MM,BK,GD. UTAMA - C,0,PAK,27825,0,1170.000 - Akun sementara - BAC,1170.000 - Akun sementara - BAC
,B00432,PAKU BETON HITAM LL 50MM,BK,GD. UTAMA - C,0,PAK,14175,0,1170.000 - Akun sementara - BAC,1170.000 - Akun sementara - BAC
,B00431,PAKU BETON HITAM MDN 40MM,BK,GD. UTAMA - C,0,PAK,11025,0,1170.000 - Akun sementara - BAC,1170.000 - Akun sementara - BAC
,B00430,PAKU BETON HITAM LL 30MM,BK,GD. UTAMA - C,0,PAK,5250,0,1170.000 - Akun sementara - BAC,1170.000 - Akun sementara - BAC
,B00429,PAKU BETON HITAM MDN 25MM,BK,GD. UTAMA - C,0,PAK,6300,0,1170.000 - Akun sementara - BAC,1170.000 - Akun sementara - BAC
,B00428,PAKU BETON HITAM MDN 20MM,BK,GD. UTAMA - C,0,PAK,3938,0,1170.000 - Akun sementara - BAC,1170.000 - Akun sementara - BAC
,B00072,BAUD DRILLING MDN 12X70,BK,GD. UTAMA - C,0,BIJI,368,0,1170.000 - Akun sementara - BAC,1170.000 - Akun sementara - BAC
,B00071,BAUD DRILLING MDN 12X50,BK,GD. UTAMA - C,0,BIJI,237,0,1170.000 - Akun sementara - BAC,1170.000 - Akun sementara - BAC
,B00070,BAUD DRILLING MDN 12X40,BK,GD. UTAMA - C,0,BIJI,210,0,1170.000 - Akun sementara - BAC,1170.000 - Akun sementara - BAC
,B00069,BAUD DRILLING MDN 12X30,BK,GD. UTAMA - C,0,BIJI,189,0,1170.000 - Akun sementara - BAC,1170.000 - Akun sementara - BAC
,B00068,BAUD DRILLING MDN 12X25,BK,GD. UTAMA - C,0,BIJI,158,0,1170.000 - Akun sementara - BAC,1170.000 - Akun sementara - BAC
,B00066,BAUD DRILLING 12X50 LL,BK,GD. UTAMA - C,0,BIJI,247,0,1170.000 - Akun sementara - BAC,1170.000 - Akun sementara - BAC
,B00064,BAUD BAJA RINGAN 10X16,BK,GD. UTAMA - C,0,BIJI,111,0,1170.000 - Akun sementara - BAC,1170.000 - Akun sementara - BAC
,AB12,BAJA C75 x 0.75 GBC,BJR,GD. UTAMA - C,0,BTG,58320,0,1170.000 - Akun sementara - BAC,1170.000 - Akun sementara - BAC
,AB11,BAJA C75 x 0.75 GBL,BJR,GD. UTAMA - C,0,BTG,61700,0,1170.000 - Akun sementara - BAC,1170.000 - Akun sementara - BAC
,AB02,SPANDEK 760 x 0.30 x 6 M,SPD,GD. UTAMA - C,0,LBR,154000,0,1170.000 - Akun sementara - BAC,1170.000 - Akun sementara - BAC
,AB01,SPANDEK 760 x 0.25 x 6 M,SPD,GD. UTAMA - C,0,LBR,112000,0,1170.000 - Akun sementara - BAC,1170.000 - Akun sementara - BAC
,A999,BAJA R 28 x 0.35,RENG,GD. UTAMA - C,536,BTG,20500,10988000,1170.000 - Akun sementara - BAC,1170.000 - Akun sementara - BAC
,A913,BAJA AURI C75 x 0.75 SNI AZ 100,BJR,GD. UTAMA - C,13,BTG,87500,1137500,1170.000 - Akun sementara - BAC,1170.000 - Akun sementara - BAC
,A912,BAJA R 30 x 0.40,RENG,GD. UTAMA - C,759,BTG,26000,19734000,1170.000 - Akun sementara - BAC,1170.000 - Akun sementara - BAC
,A911,BAJA R 28 x 0.40,BJR,GD. UTAMA - C,0,BTG,20700,0,1170.000 - Akun sementara - BAC,1170.000 - Akun sementara - BAC
,A910,BAJA C75 x 0.75 GLF,BJR,GD. UTAMA - C,0,BTG,50500,0,1170.000 - Akun sementara - BAC,1170.000 - Akun sementara - BAC
,A909,BAJA C75 x 0.75 GLE,BJR,GD. UTAMA - C,2,BTG,55000,110000,1170.000 - Akun sementara - BAC,1170.000 - Akun sementara - BAC
,A908,BAJA C75 x 0.75 GLC,BJR,GD. UTAMA - C,0,BTG,64000,0,1170.000 - Akun sementara - BAC,1170.000 - Akun sementara - BAC
,A907,BAJA R 30 x 0.45,BJR,GD. UTAMA - C,0,BTG,28000,0,1170.000 - Akun sementara - BAC,1170.000 - Akun sementara - BAC
,A906,BAJA R 30 x 0.35,BJR,GD. UTAMA - C,1107,BTG,22500,24907500,1170.000 - Akun sementara - BAC,1170.000 - Akun sementara - BAC
,A905,BAJA R 28 x 0.30,RENG,GD. UTAMA - C,943,BTG,15500,14616500,1170.000 - Akun sementara - BAC,1170.000 - Akun sementara - BAC
,A904,BAJA C75 x 0.75 GLG,BJR,GD. UTAMA - C,167,BTG,45000,7515000,1170.000 - Akun sementara - BAC,1170.000 - Akun sementara - BAC
,A903,BAJA C75 x 0.75 GLD,BJR,GD. UTAMA - C,0,BTG,59000,0,1170.000 - Akun sementara - BAC,1170.000 - Akun sementara - BAC
,A902,BAJA C75 x 0.75 GLB,BJR,GD. UTAMA - C,0,BTG,69000,0,1170.000 - Akun sementara - BAC,1170.000 - Akun sementara - BAC
,A901,BAJA AURI C75 x 0.75,BJR,GD. UTAMA - C,0,BTG,69430,0,1170.000 - Akun sementara - BAC,1170.000 - Akun sementara - BAC
,A888,BAJA BUKIT C75 x 0.75 M,BJR,GD. UTAMA - C,0,BTG,62700,0,1170.000 - Akun sementara - BAC,1170.000 - Akun sementara - BAC
,A88,BAJA BUKIT C75 x 0.75 A,BJR,GD. UTAMA - C,0,BTG,70500,0,1170.000 - Akun sementara - BAC,1170.000 - Akun sementara - BAC
,A777,BONDEK (BFD x 0.70 x 2 M),BDK,GD. UTAMA - C,20,LBR,157000,3140000,1170.000 - Akun sementara - BAC,1170.000 - Akun sementara - BAC
,A72,BAJA R 28 x 0.40,RENG,GD. UTAMA - C,85,BTG,23500,1997500,1170.000 - Akun sementara - BAC,1170.000 - Akun sementara - BAC
,A61,UPVC BAC DOUBLE 830 10MM LIGHT BLUE x 6 M,UPVC,GD. UTAMA - C,20,LBR,576000,11520000,1170.000 - Akun sementara - BAC,1170.000 - Akun sementara - BAC
,A60,UPVC BAC DOUBLE 830 10MM WHITE x 6 M,UPVC,GD. UTAMA - C,20,LBR,576000,11520000,1170.000 - Akun sementara - BAC,1170.000 - Akun sementara - BAC
,A59,UPVC BAC SINGLE 770 1.2MM WHITE x 6 M,UPVC,GD. UTAMA - C,83,LBR,235000,19505000,1170.000 - Akun sementara - BAC,1170.000 - Akun sementara - BAC
,A58,SPANDEK BAC 0.25 F x 6 M,SPD,GD. UTAMA - C,47,LBR,172000,8084000,1170.000 - Akun sementara - BAC,1170.000 - Akun sementara - BAC
,A57,BAJA C75 x 0.75 G,BJR,GD. UTAMA - C,0,BTG,45000,0,1170.000 - Akun sementara - BAC,1170.000 - Akun sementara - BAC
,A56,BAJA C75 x 0.75 F,BJR,GD. UTAMA - C,300,BTG,50500,15150000,1170.000 - Akun sementara - BAC,1170.000 - Akun sementara - BAC
,A55,BAJA C75 x 0.75 E,BJR,GD. UTAMA - C,0,BTG,55000,0,1170.000 - Akun sementara - BAC,1170.000 - Akun sementara - BAC
,A54,BAJA C75 x 0.75 D,BJR,GD. UTAMA - C,0,BTG,59000,0,1170.000 - Akun sementara - BAC,1170.000 - Akun sementara - BAC
,A53,BAJA C75 x 0.75 C,BJR,GD. UTAMA - C,0,BTG,64000,0,1170.000 - Akun sementara - BAC,1170.000 - Akun sementara - BAC
,A52,BAJA C75 x 0.75 B,BJR,GD. UTAMA - C,585,BTG,69000,40365000,1170.000 - Akun sementara - BAC,1170.000 - Akun sementara - BAC
,A51,BAJA BAC C75 x 0.75 A,BJR,GD. UTAMA - C,0,BTG,70500,0,1170.000 - Akun sementara - BAC,1170.000 - Akun sementara - BAC
,A50,BAJA BAC C75 x 0.75,BJR,GD. UTAMA - C,0,BTG,71600,0,1170.000 - Akun sementara - BAC,1170.000 - Akun sementara - BAC
,A3473,WIREMESH M8 SERTIFIKAT,WR,GD. UTAMA - C,0,LBR,500000,0,1170.000 - Akun sementara - BAC,1170.000 - Akun sementara - BAC
,A3470,THINER MAUNG @24,BK,GD. UTAMA - C,0,DUS,432000,0,1170.000 - Akun sementara - BAC,1170.000 - Akun sementara - BAC
,A3469,THINER SALUD @24,BK,GD. UTAMA - C,0,DUS,432000,0,1170.000 - Akun sementara - BAC,1170.000 - Akun sementara - BAC
,A3463,KAWAT BWG 18 @25 KG,BK,GD. UTAMA - C,0,ROLL,394000,0,1170.000 - Akun sementara - BAC,1170.000 - Akun sementara - BAC
,A3460,KAWAT BWG 12 @50 KG,BK,GD. UTAMA - C,0,ROLL,688500,0,1170.000 - Akun sementara - BAC,1170.000 - Akun sementara - BAC
,A2,HOLLO 4x4x0.35 Std,HOLLO,GD. UTAMA - C,465,BTG,17000,7905000,1170.000 - Akun sementara - BAC,1170.000 - Akun sementara - BAC
,A104,BONDEK 0.70 x 6 M,BDK,GD. UTAMA - C,71,LBR,510000,36210000,1170.000 - Akun sementara - BAC,1170.000 - Akun sementara - BAC
,A103,BONDEK 0.65 x 6 M,BDK,GD. UTAMA - C,12,LBR,485000,5820000,1170.000 - Akun sementara - BAC,1170.000 - Akun sementara - BAC
,A102,BONDEK 0.60 x 6 M,BDK,GD. UTAMA - C,0,LBR,465000,0,1170.000 - Akun sementara - BAC,1170.000 - Akun sementara - BAC
,A101,BONDEK 0.55 x 6 M,BDK,GD. UTAMA - C,0,LBR,381000,0,1170.000 - Akun sementara - BAC,1170.000 - Akun sementara - BAC
,A1,HOLLO 2x4x0.35 Std,HOLLO,GD. UTAMA - C,459,BTG,12500,5737500,1170.000 - Akun sementara - BAC,1170.000 - Akun sementara - BAC
,A05,SPANDEK BD 1000 x 0.30 F x 6 M,SPD,GD. UTAMA - C,231,LBR,205000,47355000,1170.000 - Akun sementara - BAC,1170.000 - Akun sementara - BAC
,A026,SPANDEK PASIR MERAH 1 x 6 M,SPD,GD. UTAMA - C,0,LBR,230000,0,1170.000 - Akun sementara - BAC,1170.000 - Akun sementara - BAC
,A025,BAJA BUKIT C75 x 0.75,BJR,GD. UTAMA - C,101,BTG,71600,7231600,1170.000 - Akun sementara - BAC,1170.000 - Akun sementara - BAC
,A024,R 30 x 0.40,BJR,GD. UTAMA - C,0,BTG,26675,0,1170.000 - Akun sementara - BAC,1170.000 - Akun sementara - BAC
,A023,SPANDEK PASIR 1 X 6 X 0.30 MERAH,SPD,GD. UTAMA - C,0,LBR,240000,0,1170.000 - Akun sementara - BAC,1170.000 - Akun sementara - BAC
,A022,"BAJARINGAN R 28 x 0,40",BJR,GD. UTAMA - C,0,BTG,24600,0,1170.000 - Akun sementara - BAC,1170.000 - Akun sementara - BAC
,A021,BAJA R 30 x 0.45,RENG,GD. UTAMA - C,1219,BTG,30000,36570000,1170.000 - Akun sementara - BAC,1170.000 - Akun sementara - BAC
,A020,BAJA BUKIT C75 x 100,BJR,GD. UTAMA - C,1,BTG,89000,89000,1170.000 - Akun sementara - BAC,1170.000 - Akun sementara - BAC
,A02,HOLLO 4x4x0.30 Gng,HOLLO,GD. UTAMA - C,540,BTG,15500,8370000,1170.000 - Akun sementara - BAC,1170.000 - Akun sementara - BAC
,A019,BAJA BUKIT C75 x 0.75 SNI AZ 100,BJR,GD. UTAMA - C,72,BTG,87500,6300000,1170.000 - Akun sementara - BAC,1170.000 - Akun sementara - BAC
,A0188,BONDEK BFD x 0.75 x 8 M,BDK,GD. UTAMA - C,0,LBR,688000,0,1170.000 - Akun sementara - BAC,1170.000 - Akun sementara - BAC
,A018,BONDEK 0.75 x 6 M,BDK,GD. UTAMA - C,14,LBR,567000,7938000,1170.000 - Akun sementara - BAC,1170.000 - Akun sementara - BAC
,A0177,BONDEK (BFD x 0.70 x 8 M),BDK,GD. UTAMA - C,18,LBR,628000,11304000,1170.000 - Akun sementara - BAC,1170.000 - Akun sementara - BAC
,A0176,BONDEK BFD x 0.70 x 4.5 M,BDK,GD. UTAMA - C,0,LBR,430920,0,1170.000 - Akun sementara - BAC,1170.000 - Akun sementara - BAC
,A0175,BONDEK BFD x 0.70 x 3.5 M,BDK,GD. UTAMA - C,0,LBR,335160,0,1170.000 - Akun sementara - BAC,1170.000 - Akun sementara - BAC
,A0174,BONDEK BFD x 0.70 x 7 M,BONDEK,GD. UTAMA - C,0,LBR,616000,0,1170.000 - Akun sementara - BAC,1170.000 - Akun sementara - BAC
,A0173,BONDEK BFD x 0.70 x 4 M,BDK,GD. UTAMA - C,0,LBR,338000,0,1170.000 - Akun sementara - BAC,1170.000 - Akun sementara - BAC
,A0172,BONDEK BFD x 0.70 x 5 M,BDK,GD. UTAMA - C,0,LBR,415000,0,1170.000 - Akun sementara - BAC,1170.000 - Akun sementara - BAC
,A0171,BONDEK BFD x 0.70 x 6.5 M,BDK,GD. UTAMA - C,0,LBR,617500,0,1170.000 - Akun sementara - BAC,1170.000 - Akun sementara - BAC
,A017,BONDEK BFD x 0.70 x 6 M,BDK,GD. UTAMA - C,0,LBR,510000,0,1170.000 - Akun sementara - BAC,1170.000 - Akun sementara - BAC
,A01666,BONDEK BFD x 0.65 x 4 M,BDK,GD. UTAMA - C,0,LBR,314000,0,1170.000 - Akun sementara - BAC,1170.000 - Akun sementara - BAC
,A0166,BONDEK BFD x 0.65 x 5 M,BDK,GD. UTAMA - C,0,LBR,388500,0,1170.000 - Akun sementara - BAC,1170.000 - Akun sementara - BAC
,A0160,BONDEK BFD x 0.65 x 6 M,BDK,GD. UTAMA - C,0,LBR,475000,0,1170.000 - Akun sementara - BAC,1170.000 - Akun sementara - BAC
,A016,BONDEK BFD x 0.65 x 6 M,BDK,GD. UTAMA - C,0,LBR,537900,0,1170.000 - Akun sementara - BAC,1170.000 - Akun sementara - BAC
,A014,BONDEK BFD x 0.55 x 6 M,BDK,GD. UTAMA - C,11,LBR,381000,4191000,1170.000 - Akun sementara - BAC,1170.000 - Akun sementara - BAC
,A013,BAJARINGAN 75 x 0.75 ( 0.50 ),BJR,GD. UTAMA - C,0,BTG,49140,0,1170.000 - Akun sementara - BAC,1170.000 - Akun sementara - BAC
,A012,BAJARINGAN 75 x 0.75 GLE,BJR,GD. UTAMA - C,0,BTG,53730,0,1170.000 - Akun sementara - BAC,1170.000 - Akun sementara - BAC
,A0118,BONDEK BFD x 0.75 x 7.10 M,BDK,GD. UTAMA - C,0,LBR,610600,0,1170.000 - Akun sementara - BAC,1170.000 - Akun sementara - BAC
,A0116,BONDEK BFD x 0.65 x 7 M,BDK,GD. UTAMA - C,0,LBR,577500,0,1170.000 - Akun sementara - BAC,1170.000 - Akun sementara - BAC
,A01118,BONDEK BFD x 0.75 x 4.10 M,BDK,GD. UTAMA - C,0,LBR,352600,0,1170.000 - Akun sementara - BAC,1170.000 - Akun sementara - BAC
,A011,BAJARINGAN 75 x 0.75 GLD,BJR,GD. UTAMA - C,0,BTG,59130,0,1170.000 - Akun sementara - BAC,1170.000 - Akun sementara - BAC
,A010,BAJARINGAN 75 x 0.75 GLC,BJR,GD. UTAMA - C,0,BTG,64260,0,1170.000 - Akun sementara - BAC,1170.000 - Akun sementara - BAC
,A01,HOLLO 2x4x0.30 Gng,HOLLO,GD. UTAMA - C,508,BTG,11000,5588000,1170.000 - Akun sementara - BAC,1170.000 - Akun sementara - BAC
,A009,BAJARINGAN 75 x 0.75 GLB,BJR,GD. UTAMA - C,0,BTG,68040,0,1170.000 - Akun sementara - BAC,1170.000 - Akun sementara - BAC
,A008,BAJARINGAN BUKIT 75 x 0.75,BJR,GD. UTAMA - C,0,BTG,72900,0,1170.000 - Akun sementara - BAC,1170.000 - Akun sementara - BAC
,A007,BAJARINGAN R 30 x 0.35,BJR,GD. UTAMA - C,0,BTG,22200,0,1170.000 - Akun sementara - BAC,1170.000 - Akun sementara - BAC
,A006,BAJA R 28 x 0.30,RENG,GD. UTAMA - C,0,BTG,14500,0,1170.000 - Akun sementara - BAC,1170.000 - Akun sementara - BAC
,A005,SPANDEK BD 1000 x 0.30 x 6 M,SPD,GD. UTAMA - C,142,LBR,198000,28116000,1170.000 - Akun sementara - BAC,1170.000 - Akun sementara - BAC
,A004,SPANDEK BD 1000 x 0.25 x 6 M,SPD,GD. UTAMA - C,351,LBR,172000,60372000,1170.000 - Akun sementara - BAC,1170.000 - Akun sementara - BAC
,A003,SPANDEK BD 1000 x 0.25 E x 6 M,SPD,GD. UTAMA - C,395,LBR,148000,58460000,1170.000 - Akun sementara - BAC,1170.000 - Akun sementara - BAC
,A0026,SPANDEK 1000 x 0.25 x 6 M,SPANDEK,GD. UTAMA - C,0,LBR,155520,0,1170.000 - Akun sementara - BAC,1170.000 - Akun sementara - BAC
,A0025,SPANDEK 1000 x 0.30 x 6 M,SPANDEK,GD. UTAMA - C,0,LBR,189660,0,1170.000 - Akun sementara - BAC,1170.000 - Akun sementara - BAC
,A0024,SPANDEK 1000 x 0.25 E x 6 M,SPANDEK,GD. UTAMA - C,0,LBR,145200,0,1170.000 - Akun sementara - BAC,1170.000 - Akun sementara - BAC
,A002,HOLLO 4x4x0.30 Std,HOLLO,GD. UTAMA - C,525,BTG,12700,6667500,1170.000 - Akun sementara - BAC,1170.000 - Akun sementara - BAC
,A00160,BONDEK BFD x 0.70 x 4.7 M,BDK,GD. UTAMA - C,0,LBR,369000,0,1170.000 - Akun sementara - BAC,1170.000 - Akun sementara - BAC
,A0016,BONDEK BFD x 0.60 x 4 M,BDK,GD. UTAMA - C,0,LBR,348040,0,1170.000 - Akun sementara - BAC,1170.000 - Akun sementara - BAC
,A0015,BONDEK BFD x 0.60 x 6 M,BDK,GD. UTAMA - C,0,LBR,455000,0,1170.000 - Akun sementara - BAC,1170.000 - Akun sementara - BAC
,A0014,BONDEK BFD x 0.60 x 8 M,BDK,GD. UTAMA - C,0,LBR,607200,0,1170.000 - Akun sementara - BAC,1170.000 - Akun sementara - BAC
,A001,HOLLO 2x4x0.30 Std,HOLLO,GD. UTAMA - C,7,BTG,9500,66500,1170.000 - Akun sementara - BAC,1170.000 - Akun sementara - BAC
,A0004,BONDEK 0.70 x 6 M,BDK,GD. UTAMA - C,0,LBR,547800,0,1170.000 - Akun sementara - BAC,1170.000 - Akun sementara - BAC
,A0002,HOLLO STD 4 x 4 x 0.30,HOLLO,GD. UTAMA - C,0,BTG,11000,0,1170.000 - Akun sementara - BAC,1170.000 - Akun sementara - BAC
,A0001,HOLLO STD 2 x 4 x 0.30,HOLLO,GD. UTAMA - C,0,BTG,8690,0,1170.000 - Akun sementara - BAC,1170.000 - Akun sementara - BAC
